Datetime,Load_Power_W
2026-09-03 00:00:00,0.5033445020186391
2026-09-03 01:00:00,0.3036860481738439
2026-09-03 02:00:00,0.19073737962656365
2026-09-03 03:00:00,0.2624502812036206
2026-09-03 04:00:00,0.3589491758025436
2026-09-03 05:00:00,0.7566050040160686
2026-09-03 06:00:00,0.9963154455173877
2026-09-03 07:00:00,1.955446033767695
2026-09-03 08:00:00,0.890066005786718
2026-09-03 09:00:00,2.29882239249834
2026-09-03 10:00:00,1.3010999176703897
2026-09-03 11:00:00,1.627736937428363
2026-09-03 12:00:00,2.7393889403658327
2026-09-03 13:00:00,2.690924627295128
2026-09-03 14:00:00,2.470226717394466
2026-09-03 15:00:00,1.9448717389075714
2026-09-03 16:00:00,1.5798713405617877
2026-09-03 17:00:00,2.4656145043343285
2026-09-03 18:00:00,2.6928099222803343
2026-09-03 19:00:00,4.173401529854395
2026-09-03 20:00:00,3.7577022564419154
2026-09-03 21:00:00,2.770359981725116
2026-09-03 22:00:00,2.213719980489158
2026-09-03 23:00:00,1.1724164208174033
2026-09-04 00:00:00,0.4428779942204703
2026-09-04 01:00:00,0.21450550811135366
2026-09-04 02:00:00,0.15117788227621334
2026-09-04 03:00:00,0.22147489743153959
2026-09-04 04:00:00,0.3224473593388727
2026-09-04 05:00:00,0.6419022157719589
2026-09-04 06:00:00,0.8951535867013596
2026-09-04 07:00:00,2.0403478776523576
2026-09-04 08:00:00,1.746071014271416
2026-09-04 09:00:00,1.2700146222038722
2026-09-04 10:00:00,1.327932533235104
2026-09-04 11:00:00,1.55732880140507
2026-09-04 12:00:00,2.4959920717047566
2026-09-04 13:00:00,2.2695303095479544
2026-09-04 14:00:00,2.47389589231281
2026-09-04 15:00:00,1.7370627238854828
2026-09-04 16:00:00,2.13242814331625
2026-09-04 17:00:00,1.7687479080089852
2026-09-04 18:00:00,2.6215462107783574
2026-09-04 19:00:00,4.001444103165248
2026-09-04 20:00:00,3.8165943575918737
2026-09-04 21:00:00,3.399567226463479
2026-09-04 22:00:00,1.708257596818167
2026-09-04 23:00:00,0.6037125481224733
2026-09-05 00:00:00,0.37697137135271275
2026-09-05 01:00:00,0.21448743479591814
2026-09-05 02:00:00,0.2152339525796074
2026-09-05 03:00:00,0.18739058957629998
2026-09-05 04:00:00,0.24965359118403818
2026-09-05 05:00:00,0.7614825656760704
2026-09-05 06:00:00,1.3301102186487246
2026-09-05 07:00:00,1.8140300714407211
2026-09-05 08:00:00,2.0832624262022477
2026-09-05 09:00:00,1.74466899646161
2026-09-05 10:00:00,2.6608798204478243
2026-09-05 11:00:00,2.206302190859476
2026-09-05 12:00:00,2.4892807163521526
2026-09-05 13:00:00,2.7969657342062235
2026-09-05 14:00:00,2.1255499532964737
2026-09-05 15:00:00,1.2075395728960623
2026-09-05 16:00:00,1.9998257093547638
2026-09-05 17:00:00,2.762439196139372
2026-09-05 18:00:00,3.002530784475492
2026-09-05 19:00:00,3.0389751578458237
2026-09-05 20:00:00,3.9774936503369016
2026-09-05 21:00:00,2.7417899461208752
2026-09-05 22:00:00,1.7812878669833434
2026-09-05 23:00:00,0.815985892341659
